RCP_SNO,RCP_TTL,CKG_NM,RGTR_ID,RGTR_NM,INQ_CNT,RCMM_CNT,SRAP_CNT,CKG_MTH_ACTO_NM,CKG_STA_ACTO_NM,CKG_MTRL_ACTO_NM,CKG_KND_ACTO_NM,CKG_IPDC,CKG_MTRL_CN,CKG_INBUN_NM,CKG_DODF_NM,CKG_TIME_NM,FIRST_REG_DT
128671,어묵김말이,어묵김말이,skfo0701,꽃날,10072,6.0,66.0,튀김,간식,가공식품류,디저트,맛있는 김말이에 쫄깃함을 더한 어묵 김말이예요-,[재료] 어묵 2개| 김밥용김 3장| 당면 1움큼| 양파 1/2개| 당근 1/2개| 깻잎 6장| 튀김가루 1컵 | 올리브유 적당량| 간장 1T| 참기름 1T,2인분,초급,60분이내,20070402131403.0
128892,두부에 꼬리가 달렸어요!! ,두부새우전,skfo0701,꽃날,5817,3.0,27.0,부침,일상,해물류,밑반찬,꼬리가 너-무- 매력적인 두부새우전. 두부와 야채를 한번에!! 영양까지 만점인 두부새우전. 모양도 이쁘고 맛까지 좋은 두부새우전!! 함께 만들어 보아요♥,[재료] 두부 1/2모| 당근 1/2개| 고추 2개| 브로콜리 1/4개| 새우 4마리| 녹말가루| 계란 1개,3인분,초급,30분이내,20070402205937.0
128932,입안에서 톡톡톡 ,알밥,skfo0701,꽃날,6975,8.0,36.0,굽기,일상,해물류,밥/죽/떡,간단하게 만들어 보는 알이 톡톡톡 알밥♥ 다 먹고 누룽지까지 싹싹 긁어먹는게 최고죠~ 색깔도 너무 이쁘고 한 그릇만 있으면 반찬도 필요없는 알밥,[재료] 밥 1+1/2공기| 당근 1/4개| 치자단무지 1/2개| 신김치 1쪽| 무순 약간| 날치알 6스푼| 김가루 약간| 후리가케(또는밥이랑같은류)| 참기름 약간| 통깨 약간| 계란 노른자 2알,2인분,초급,30분이내,20070402224355.0
131871,★현미호두죽,현미호두죽,cds1117,햇님&별님,3339,0.0,11.0,끓이기,일상,쌀,밥/죽/떡,현미호두죽,[재료] 현미 4컵| 찹쌀 2컵| 호두 50g| 물 1/2컵| 소금 약간,2인분,초급,30분이내,20070410142301.0
139247,부들부들 보들보들 북어갈비♥,북어갈비,skfo0701,꽃날,7173,3.0,97.0,굽기,술안주,건어물류,메인반찬,오늘은 집에서 굴러다니고 쉽게 구할 수 있는 북어로 일품요리를 만들어 보았어요! 도시락 반찬으로는 물론 초대요리에도 너무너무 좋은 요리랍니다~ 겉에 찹쌀가루를 묻혀서 맛도 고소해요~,[재료] 북어포 1마리| 찹쌀가루 1C [양념] 간장 2T| 설탕 1T| 물 1T| 다진파 1T| 다진마늘 1T| 참기름 1T| 깨소금 1T| 후춧가루 약간,2인분,초급,60분이내,20070501000844.0
149207,토마토스파게티♥,토마토스파게티,skfo0701,꽃날,13492,2.0,36.0,볶음,일상,가공식품류,면/만두,한번 만들어 두면 이모저모 쓸 용도가 많은 토마토소스를 이용한 토마토 스파게티.,[재료] 파스타면 [양념] 토마토 1개| 토마토 페이스트 3T| 양파 1/2개| 다진마늘 1T| 피망 1/2개| 올리브유 3T,1인분,초급,30분이내,20070525232601.0
151148,표고버섯탕수,표고버섯탕수,skfo0701,꽃날,17036,2.0,194.0,튀김,손님접대,버섯류,메인반찬,탕수육 먹을때 칼로리때문에 걱정하시는 분들!! 이제는 걱걱걱 정하지 마세요~ 칼로리를 조금 낮추고 맛은 올리고 게다가 영양까지 듬뿍듬뿍 들어있는 표고버섯을 이용한 탕수!!! 바로 표고버섯탕수♥ 건표고와 냉장고에 남아있는 야채들을 이용해서 함께 만들어 보아요.,[재료] 건표고버섯 9개| 오이 1/2개| 당근 1/2개| 양파 1/2개| 사과 1/2쪽| 그외의 야채| 과일 [녹말물] 녹말가루 2C| 물 1C| 계란 노른자 1개 [탕수 소스] 물 2C| 설탕 1/2C| 식초 3T| 간장 1T| 녹말물 2T,2인분,초급,30분이내,20070530142653.0
153040,달콤한 마늘향이 가득해~ 갈릭치킨♥,갈릭치킨,skfo0701,꽃날,8363,0.0,38.0,튀김,손님접대,닭고기,메인반찬,요즘 갈릭이 대세인거 같아요~ 그래서 오늘은 제가 너무 좋아하는 닭과 마늘을 한번에!! 달콤한 마늘향이 가득한 갈릭치킨을 만들어 보았어요~,[재료] 닭 1마리 [닭양념] 통마늘 3개| 다진마늘 1T| 화이트와인또는우유| 올리브유또는버터| 마늘솔트또는소금 [샐러드 드레싱] 파인애플 2쪽| 마요네즈 2T| 머스터드 1T| 식초1/2T(또는 레몬즙) | 꿀 1T,2인분,중급,60분이내,20070603232445.0
221094,바삭바삭 양파링 튀김 만들기,양파링튀김,skfo0701,박꽃나래,18235,14.0,244.0,튀김,간식,채소류,디저트,완전 바삭바삭 맛있어요~ 특히 양파를 싫어하는 아이들에게도 거부감없이! 왜냐면 바삭바삭하고 매운맛도 전혀 없답니다!,[재료] 양파1개| 빵가루| 달걀 노른자1개| 밀가루1C| 물 약간| 파슬리 ,2인분,초급,30분이내,20071012223140.0
221097,참치 삼각김밥 삼총사,참치삼각김밥,skfo0701,박꽃나래,51627,8.0,366.0,기타,도시락,가공식품류,밥/죽/떡,맨날 편의점에서만 사먹는 삼각김밥~ 집에서 간편히 만들 수 있다는 사실~ 참치만 있으면 냉장고 열어서 만들 수 있어요~ 한끼식사로도 좋고 도시락으로도 좋은 참치삼각김밥을 만들어 보아요~,[재료] 밥 2공기| 참치캔 큰거 1개| 양파| 다진김치| 김밥용김 [양념] 고추장| 다진마늘| 참기름| 맛소금| 마요네즈,2인분,초급,30분이내,20071012223511.0
221098,해물을 가득 넣은 뚝배기 해물떡볶이,뚝배기해물떡볶이,skfo0701,박꽃나래,16000,8.0,37.0,볶음,술안주,해물류,밥/죽/떡,해물을 가득가득 넣은 떡볶이를 만들어 보아요~ 보통먹는 자잘한 떡볶이가 아니라 볶아 만드는 떡볶이랍니다~ 일명 안주용 떡볶이죠~ 맛있는 떡볶이 함께 만들어 보아요~,[재료] 떡볶이떡 150g| 당근 1/2개| 파 1뿌리| 양파 1/2개| 양배추 1/4통| 어묵 2장| 오징어| 새우| 조갯살| 홍합살 [양념장] 고춧가루 2T| 고추장 1T| 물엿 1T| 간장 1T| 참기름 1T| 다진 마늘 1/2T| 깨 1/2T| 후추가루 약간,2인분,중급,30분이내,20071012223648.0
221101,스팸 샌드위치 만들기,스팸샌드위치,skfo0701,박꽃나래,31602,10.0,103.0,기타,도시락,밀가루,빵,보통 스팸은 그냥 구워서 밥에만 올려먹잖아요~ 하지만 샌드위치로 만들어 먹으면 더~ 맛있답니다~ 아주~ 간단하지만 폼나는 스팸 샌드위치~ 함께 만들어 보아요~,[재료] 스팸 싱글 1팩| 샌드위치용 식빵2쪽| 토마토 1개| 상추 2쪽| 치즈 1장 [양념] 홀그레인머스터드| 허니머스터드| 다진양파,1인분,초급,15분이내,20071012223908.0
221102,참치 깻잎 주먹밥,참치깻잎주먹밥,skfo0701,박꽃나래,31537,16.0,255.0,기타,도시락,채소류,밥/죽/떡,동글동글 모양도 이쁘고 색도 이쁜 도시락입니다~ 게다가 맛도 정말 좋아요~,[재료] 밥 2공기| 깻잎 10장| 참치 작은캔 1개| 당근1/2개| 조미 김10장 [양념] 다진 마늘1/4t개| 깨소금| 맛소금| 참기름,2인분,초급,60분이내,20071012224039.0
223583,새우볶음밥 고로케,새우볶음밥고로케,skfo0701,박꽃나래,27837,19.0,942.0,튀김,도시락,해물류,빵,새우는 조금만 생각을 달리해도 정말 색다른 요리가 탄생하는 재료랍니다~ 이쁜 고로케 한번 만들어 보아요~,[재료] 새우 10마리| 밥 2공기| 김치 1/4포기| 당근 1/2개| 감자 1/2개| 양파 1/2개| 빵가루| 달걀| 밀가루,2인분,중급,60분이내,20071018221219.0
223584,꼬마 스팸 쌈밥 만들기,스팸쌈밥,skfo0701,박꽃나래,18129,5.0,101.0,기타,도시락,가공식품류,밥/죽/떡,스팸을 이용한 맛있는 쌈밥이예요~ 꼭 도시락이 아니더라도 아침에 간단하게 드시거나 입맛없을때 한끼 식사로도 너무 좋은 쌈밥이랍니다~,[재료] 밥 2공기| 상추(작은걸로골라서)나그외쌈야채| 스팸| 밑반찬 [양념] 참기름 1/2t| 맛소금 약간 | 깨 약간 ,2인분,아무나,30분이내,20071018222625.0
225141,베이컨 김치말이 밥,베이컨김치말이밥,skfo0701,박꽃나래,68470,53.0,3045.0,기타,도시락,가공식품류,밥/죽/떡,오늘은 누구나 좋아하는 베이컨과 김치를 가지고 맛있는 베이컨김치말이밥을 만들어 보아용~ 아이들 소풍도시락에도 좋지만~ 아빠들이 더 좋아할 도시락이랍니다~,[재료] 밥 1공기| 김치 1/6포기| 베이컨 적당량 | 깻잎 5장| 양파 1/4개,2인분,초급,60분이내,20071022234431.0
225146,스팸 오이 식빵롤,스팸오이식빵롤,skfo0701,박꽃나래,37675,39.0,1029.0,굽기,도시락,밀가루,빵,스팸이랑 오이만 있으면 간단하게 만들 수 있어서 아이들과 함께 만들어 봐도 좋을거 같아요~ 간단히 도시락쌀때나 피크닉 기분을 내고 싶을때 아이들 간식으로도 좋아요~,[재료] 식빵 4장| 스팸 1/3캔| 오이 1개| 체다치즈(노란치즈) [양념] 머스터드| 피클| 마요네즈,2인분,초급,30분이내,20071022235649.0
331003,달콤 쫀득 고구마 치즈스틱,고구마치즈스틱,skfo0701,박꽃나래,16437,17.0,188.0,튀김,간식,채소류,디저트,평소에 치즈스틱을 만들때 튀김옷을 꼼꼼히 입히지 않으면 튀길때 치즈들이 삐져나와서 불편했는데~ 이제는 그런 걱정 하지마세요~ 치즈가 달콤한 고구마옷을 입으면 빠져나오지도 않고 더 맛있다는 사실~ 함께 만들어 보아요,[재료] 고구마 큰거 2개| 모차렐라치즈(피자치즈) 1/2개| 버터 1T| 밀가루| 빵가루| 달걀 1개,2인분,초급,60분이내,20071027213944.0
331006,매콤 오징어 볶음우동,오징어볶음우동,skfo0701,박꽃나래,25379,8.0,95.0,볶음,일상,해물류,면/만두,오늘은 오징어를 맛있게 볶아봤어요~ 보통 오징어볶음은 소면이랑 같이 많이들 드시잖아요~ 근데 소면대신 우동사리를 넣으면 오통통하게 씹히는 맛이 더 좋답니다~ 보기에는 매워도 막상 먹을때는 많이 맵지 않아서~ 아이들과 함께 드실 수 있어요~,[재료] 오징어 1마리| 양파 1/4개| 대파 1/2쪽| 당근 1/3개| 청고추 1개| 홍고추 1개 [양념] 고추장 1T| 고춧가루 1T| 다진 마늘 1T| 참기름 1T| 설탕 1t| 간장 1t| 청주 1t| 후추 약간| 소금 약간,2인분,중급,30분이내,20071027215318.0
333866,영양가득 호두 가래떡구이,호두가래떡구이,skfo0701,박꽃나래,8703,4.0,88.0,굽기,영양식,콩/견과류,디저트,손님대접에도 좋고 아이들에게도 좋은 호두 가래떡구이입니다.,[재료] 가래떡 1개| 호두 15알 정도 [양념] 깨 3T| 꿀 5T,1인분,아무나,15분이내,20071101215302.0
333869,카레새우 삼각김밥 도시락싸기,카레새우삼각김밥,skfo0701,박꽃나래,11758,4.0,71.0,기타,도시락,해물류,밥/죽/떡,카레좋아하는 분들 많잖아요~ 근데 도시락으로 싸기에는 난감하잖아요~ 마땅히 데울때도 없고~ 이제는 그런 걱걱걱정하지 마세요~ 꽃날이 해냈습니다요~ 카레가 도시락속으로! 카레의 완벽한 변신! 카레새우삼각김밥~ 함께 만들어 보아요~,[재료] 새우 7마리| 양파 1/4개| 김치 1/6포기| 밥지을쌀| 김밥용김| 계란| 밀가루| 빵가루 [양념] 백세 카레가루 2T,2인분,중급,90분이내,20071101220444.0
340534,블루베리가 톡톡 씹혀요~ 블루베리쨈과 모닝베리♥,블루베리쨈,skfo0701,박꽃나래,14497,2.0,76.0,조림,간식,과일류,양념/소스/잼,첨가물이 가득 들어있는 쨈보다는 집에서 직접 만들어보아요~ 설탕도 조절할수 있고 맛도 좋은 홈메이드 쨈♥ 오늘은 제가 너무 좋아하는 블루베리를 이용해서 만들어 볼께용~,[재료] 블루베리 500g| 설탕 150g| 레몬즙 2T| 럼 1T| 모닝빵 3개,2인분,중급,60분이내,20071111141518.0
340537,미니새우버거♥,미니새우버거,skfo0701,박꽃나래,6642,5.0,84.0,굽기,일상,해물류,빵,기름에 튀긴 새우버거는 NO! 신선한 야채와 새우로 만든 더 건강하고 맛있는 미니새우버거♥ ,[재료] 모닝빵 3개| 새우 10마리| 상추 3장| 토마토 1개| 피클 약간| 마요네즈 [패티양념] 다진양파 1/2개| 빵가루| 밀가루| 계란| 소금| 후추,3인분,초급,30분이내,20071111142910.0
343935,달콤하고 고소한 고구마 그라탕,고구마그라탕,okwn7,센,7454,1.0,44.0,굽기,일상,채소류,양식,그냥 먹어도 달고 맛난 고구마지만 좀 더 달콤하고 맛나게 특별하게 그라탕으로 즐기는 것도 좋죠. 요건 달콤한 커스터드 크림과 아몬드 슬라이스를 더해 더욱 달콤하고 고소하게 즐길 수 있답니다.,[재료] 고구마 으깬것 250g| 생크림 2큰술| 설탕 1큰술| 버터 1큰술| 아몬드슬라이스| 모짜렐라치즈 [커스타드크림] 우유 270ml| 박력분 25g| 노른자 3개| 설탕 60g| 바닐라오일 약간| 버터 20g,2인분,초급,30분이내,20071115224032.0
344698,쌀로 만든 밤식빵,밤식빵,okwn7,센,7398,5.0,76.0,굽기,간식,밀가루,빵,집에서 만든 밤조림과 국내산 쌀가루로 만든 빵이라 안심하고 먹을수 있어요. 나풀나풀 뜯어지는 쫄깃하고 부드런 닭살 질감을 자랑하는 쌀로 만든 밤식빵 같이 만들어 보실래요?,[재료] 국내산 제빵용 쌀가루 390그램| 계란 1개| 우유 250~270ml| 인스턴트 드라이 이스트 4그램| 소금 4그램| 버터 50그램| 설탕 50그램| 밤조림 150그램| 아몬드 슬라이스 30그램. [쿠키반죽] 버터 75그램| 설탕 75그램| 노른자 1개| 박력분 110그램| 바닐라오일 약간,6인분이상,중급,2시간이상,20071116203632.0
345834,고소한 고구마보트,고구마보트,okwn7,센,4116,0.0,12.0,굽기,간식,채소류,디저트,달콤하고 부드러운 고구마가 커스타드크림을 만나 한층 더 고급스러운 맛을 자랑하는 고구마보트입니다.,[재료] 고구마 5개| 생크림 3큰술| 버터 2큰술| 커스타드크림 100g| 설탕 1큰술| 소금 약간 | 소금 약간| 설탕 1큰술,3인분,초급,30분이내,20071119133949.0
346652,포실포실 부드러운 감자스프,감자스프,skfo0701,박꽃나래,9866,3.0,81.0,끓이기,일상,채소류,스프,누구나 좋아하는 포실포실 감자스프 함께 만들어 보아용,[재료] 감자(中) 2개| 생크림 1C| 우유 1C| 양파 1/2개| 베이컨 2장| 체다치즈 1장| 피자치즈 약간 [양념] 버터 1T| 육수 1C,2인분,초급,60분이내,20071120135922.0
346665,맛있는 김치와 굴을 넣은 뚝배기 라면,뚝배기라면,skfo0701,박꽃나래,37365,14.0,148.0,끓이기,야식,가공식품류,면/만두,누구나 쉽게 끓일 수 있는 라면에 제철을 맞은 싱싱한 굴과 김치를 넣어서 맛있는 라면을 끓여보아요.,[재료] 좋아하는 종류의 라면 1봉지| 김치 1/4포기| 굴 5~6개| 파 1개| 청or홍고추 1개 [양념] 고춧가루 약간,1인분,아무나,10분이내,20071120141425.0
347791,오븐에 굽는 포테이토스킨,포테이토스킨,okwn7,센,8184,5.0,114.0,굽기,간식,채소류,디저트,감자는 어떤걸 해먹어도 맛있지만 간혹 좀 느끼하고 리치한 맛을 원할때가 있죠. 패밀리레스토랑 같은곳에나 가야 맛볼수 있는 포테이토스킨을 집에서도 쉽고 간단하게 만들어 먹을수 있어요. 기름에 튀기지 않고 오븐에 굽기 때문에 덜 느끼하고 담백하게 즐길수 있답니다.,[재료] 감자 4개| 올리브유 약간| 베이컨 4장| 모짜렐라치즈 200그램| 파슬리 약간 [양념] 소금 약간,2인분,초급,30분이내,20071121232920.0
349330,오코노미야키,오코노미야키,skfo0701,박꽃나래,17893,6.0,219.0,부침,술안주,육류,메인반찬,술안주나 간식으로 쉽게 만들수 있는 일본요리 ,[재료] 양배추 1/2통| 숙주 1줌| 오징어 1마리| 새우 6마리| 베이컨 2줄| 계란 1개| 실파 약간 [오코노미야키반죽] 밀가루 1C| 물 1C| 혼다시 1T| 후추&소금 약간 [양념] 돈가스소스| 마요네즈,2인분,중급,60분이내,20071123221334.0
349332,바삭바삭 야끼만두,야끼만두,skfo0701,박꽃나래,25140,4.0,267.0,튀김,간식,밀가루,면/만두,오늘은 떡볶이의 베스트프렌드 야끼만두를 만들어 볼게요. 분식집에서 흔히 먹는 야끼만두보다 더 바삭바삭하고 안이 꽉찬 야끼만두예요. 저는 분식집 야끼만두의 기름에 쩔은듯한 그 식감이 너무 싫었는데 시판 만두피를 이용해서 집에서 만드니 바삭바삭하고 정말 맛있답니다.,[재료] 당면 2줌| 부추 1줌| 만두피 10장 [양념] 간장 2T| 물엿 또는 설탕 1T| 참기름 1T| 다진 파 1T| 다진 마늘 1T | 소금 약간| 후추 약간,2인분,중급,60분이내,20071123222551.0
349381,가정식 두부조림,두부조림,okwn7,센,17160,9.0,44.0,조림,일상,콩/견과류,밑반찬,매콤 짭짤하고 단백질까지 보충할수 있는 은근히 밥도둑 두부조림. 보통 저희집 가정에서 손쉽게 해먹는 반찬중 하나예요. 매콤한 꽈리고추와 햇고춧가루를 넣고 비타민까지 보충한 손쉬운 밥반찬을 만들어 봤어요.,[재료] 손두부 1모| 포도씨유| 소금 약간| 꽈리고추 1줌| 양파 1/2개| 대파 1줄기 [양념장] 간장 70ml| 물 300ml| 설탕 1큰술| 물엿 or요리당 1큰술| 굴소스 1큰술| 고춧가루 2큰술| 마늘 1/2큰술| 후춧가루 1작은술,3인분,초급,15분이내,20071124012206.0
349386,매콤 화끈한 매운 갈비찜,매운갈비찜,okwn7,센,10110,4.0,28.0,찜,일상,육류,메인반찬,화끈화끈 매운맛에 입에서 살살 녹는 부드런 갈비찜이예요.,[재료] 갈비 900그램| 월계수잎 3장| 통마늘 7쪽| 후춧가루 1/2큰술| 청주 1큰술| 감자 2개| 양파 1개 [양념] 고춧가루 1컵(대략 8큰술)| 간장 1컵(8큰술)| 청량고추 3개| 통마늘 10개| 청주 3큰술| 설탕 3큰술| 생강가루 1/2큰술| 참기름 1+1/2큰술| 양파 1개| 파인애플 2쪽| 양겨자가루 3큰술,4인분,중급,2시간이상,20071124014820.0
349740, 초간단 어묵 볶음,어묵볶음,okwn7,센,18607,10.0,30.0,볶음,일상,가공식품류,밑반찬,밥반찬으로 주로 뭘 해 드시나요? 저는 어묵을 좋아해서 어묶볶음을 자주 해먹곤 해요. 오늘 소개할 반찬은 가정식 어묵볶음 입니다...,[재료] 어묵 500g| 포도씨유 적당량 | 꽈리고추 1줌| 양파 1/2개| 느타리버섯 1줌| 대파 1줄기| 물 1/4컵 [양념] 간장 70ml| 물 30ml| 설탕 1큰술| 물엿 2큰술| 굴소스 1큰술| 고춧가루 1큰술| 마늘 1/2큰술| 후춧가루 1작은술| 통깨 약간 ,4인분,초급,30분이내,20071125010632.0
351591,매콤달콤 쫀득한 버펄로윙스,버팔로윙스,okwn7,센,4421,1.0,53.0,굽기,술안주,닭고기,양식,미국 뉴욕주 서부의 버펄로에서 유래 되었다는 버펄로윙스. 콜라겐이 많아 쫀득하고 매콤달콤해서 술안주로도  아이들 간식으로도  손님 접대용 요리로도 그만이라죠. 콜라겐이 주름살에 좋다고 하던데  많이 먹으면 눈가에 주름이 쫙쫙 펴질까요? 술안주와 손님 접대용으로는 매콤하게  아이들 간식으로는 핫소스를 조금 빼고 만들면 좋아요. 맥주안주로도 그만이구요. 특별한 상차림에 사이드메뉴로도 또는 메인메뉴로도 손색이 없을것 같아요.,[재료] 닭날개 20개| 재움용 우유 1컵 [허니머스타드소스] 머스타드 1큰술| 마요네즈 1큰술| 꿀 1큰술 [버팔로윙스 소스] 올리브유 1/3컵| 버터 2큰술| BBQ소스 2큰술| A1소스 1큰술| 고운고춧가루 (or파프리카가루) 2작은술| 케첩 1큰술| 후춧가루 1작은술| 다진마늘 1작은술| 핫소스 4큰술| 파슬리 2작은술| 오레가노 1작은술,6인분이상,초급,2시간이상,20071127205749.0
352110,◐전자렌지로 뚝딱 칠리새우 볶음◑,칠리새우볶음,oclara,오클라라,12601,3.0,66.0,볶음,일상,해물류,밑반찬,칸쇼새우는 중국집에서만 맛볼 수 있는 요리라고요? no! 전자레인지를 이용해 10분만에 만드는 초간단 칠리새우. 매콤새콤 술 땡기는 그날  안주로 딱이예요!,,,초급,,20071128142607.0
352364,사색꼬마김밥,꼬마김밥,skfo0701,박꽃나래,27286,8.0,90.0,기타,도시락,쌀,밥/죽/떡,김밥 하나당 재료 하나씩만 넣어서 크기를 확줄였답니다. 하지만 맛은 너무너무 좋다는거. 주말에 브런치로도 좋고 도시락으로도 아주 좋은 사색꼬마김밥 함께 만들어 보아용.,[재료] 밥 2공기| 김밥용어묵| 오이 1/2개| 캔햄이나김밥용햄| 김밥용단무지| 김 [양념] 참기름 1T| 맛소금 1T,2인분,초급,30분이내,20071128211114.0
352415,샤르르 녹는 홍시 아이스크림,홍시아이스크림,okwn7,센,4887,0.0,28.0,기타,간식,과일류,디저트,비타민C가 풍부한 감으로 아이스크림을 만들었답니다.,[재료] 홍시 또는 대봉시 큰것 6~7개| 생크림 300그램 [양념] 설탕 또는 꿀 3큰술| 레몬즙 1큰술,6인분이상,아무나,2시간이상,20071128234829.0
355810,곡물빵으로 맛있고 든든하게~ 에그 스팸 샌드위치.,에그스팸샌드위치,okwn7,센,8795,2.0,26.0,굽기,간식,밀가루,빵,,,2인분,아무나,30분이내,20071203160552.0
357068,구수한 맛 그대로 단호박 사블레,단호박사블레,okwn7,센,1843,1.0,19.0,굽기,간식,밀가루,과자,파삭파삭 가벼운 식감에 구수한 호박씨 듬뿍 단호박 사블레 만들어 봐요.,[재료] 박력분 210그램| 단호박가루 45그램| 버터 180그램| 슈가파우더 78그램| 호박씨 50그램| 바닐라오일 약간| 계란흰자 약간| 설탕 약간,6인분이상,중급,2시간이상,20071204204113.0
358881,뮈슬리 초코칩 쿠키,뮈슬리초코칩쿠키,okwn7,센,2933,4.0,24.0,굽기,간식,밀가루,과자,유기농 초코 뮈슬리와 초코칩을 잔뜩 넣어 아주 큼직한 드롭 쿠키를 구웠어요.,[재료] 박력분 250그램| 버터 135그램| 베이킹 파우더 4그램| 베이킹 소다 2그램| 계란 1개| 설탕 125그램| 초코칩 200그램| 유기농 초코 뮈슬리 100~150그램,6인분이상,초급,60분이내,20071206152014.0
369066,고소하고 부드럽구나ㅡ 호두트위스트쌀빵,쌀빵,llkissl,김민지,2938,1.0,12.0,굽기,간식,콩/견과류,빵,이름에서부터 고소함이 묻어나는 빵 !보자마자 이거 맛잇겟다 싶어서 얼른 만들었어요 >ㅁ< 호두랑 통밀이 들어가   고소한맛이 그만인 빵이지요 :),,6인분이상,초급,90분이내,20071210181821.0
369072,계속 먹고싶은 아몬드견과류타르트,아몬드타르트,llkissl,김민지,3715,2.0,29.0,굽기,간식,콩/견과류,과자,밀키님댁에 놀러가서 보았던 고소고소한~ 아몬드견과류타르트. 흐흐 보기에도 먹음직스런 자태에 얼른 찜했었죠 히히. 고소하고 달콤한맛이 정말 그만인 타르트랍니다.,[타르트지 재료] 버터 70g| 박력분 130g| 소금 1g| 설탕 5g| 계란 1개 [아몬드크림] 버터 40g| 크림치즈 40g| 설탕 60g| 생크림 20g| 계란 1개| 아몬드가루 120g| 코코넛가루 30g| 바닐라 오일 1ts| 럼주 1Ts| 견과류 적당량,6인분이상,초급,90분이내,20071210182638.0
369105,팥앙금을 넣어서 만든 파운드케이크 > . < ,팥파운드케이크,llkissl,김민지,2192,1.0,16.0,굽기,간식,밀가루,빵,팥앙금이 들어간 파운드케이크~ㅎ_ㅎ 달콤한 밤조림과 호두를 넣어 더 맛있어요 > __ <,,4인분,초급,60분이내,20071210185800.0
369918,달콤한 홍시와 새콤한 요거트의 만남~ 홍시 프로즌 요거트. ,홍시요거트,okwn7,센,3195,4.0,29.0,기타,간식,달걀/유제품,차/음료/술,아이스크림 메이커 없이도 아주 쉽게 얼마든지 프로즌요거트를 집에서 만들어 먹을 수 있답니다.,[재료] 홍시 큰것 4~5개 [양념] 설탕 4~5큰술| 레몬즙 1큰술| 플레인 요거트 1000ml,2인분,아무나,5분이내,20071211130032.0
371267,◈ 매콤하고맛있는 닭꼬지,닭꼬지,maengi0804,메기맹이,6536,6.0,49.0,굽기,간식,닭고기,디저트,오늘은 닭가슴살로 만들어서 살걱정도  덜고 매콤한 맛으로 가슴살의 텁텁함도 덜 수 있는 닭꼬지를 만들어보았답니다.,,4인분,초급,30분이내,20071212085211.0
372893,집에서 만든 팥앙금으로 ~ 맛난 양갱만들기 *^^*,팥양갱,llkissl,김민지,18246,9.0,125.0,끓이기,간식,곡류,과자,집에서 만든 팥앙금을 넣어서 그런지   달지도 않고 정말 맛있어요 ^^,,6인분이상,초급,60분이내,20071213160138.0
373342,대표적인 크리스마스 빵 파네토네,파네토네,okwn7,센,10510,3.0,47.0,굽기,일상,밀가루,빵,파네토네는 이탈리아 밀라노 지방의 대표적인 빵으로 설탕에 절인 과일과 견과류등을 넣고 발효시킨 빵이라고 합니다. 크리스마스를 기다리며 몇달전부터 만들어 두고두고 조금씩 떼어 먹는 파네토네는 그 맛과 향이 정말 기가 막힌 빵이죠. 1600년경 이탈리아 밀라노 지방에서 토니라는 제빵사가 사랑하는 여인을 위하여 처음 개발한 빵으로  파네토네라는 이름은 토니의 빵(Pan de Toni)이라는 의미에서 유래되었다고 하네요. 또 파네는 '빵'  토네는 '달다'는 뜻도 있다고 합니다. 함께 만들어 보시죠.,[재료] 강력분 600그램| 우유 250그램| 인스턴드 드라이 이스트 16그램| 소금 9그램| 설탕 108그램| 레몬즙 1큰술| 버터 120그램| 계란 2개| 꿀 12그램| 각종 당절임 과일 240그램| 럼주 1컵 정도| 토핑용 버터 약간,6인분이상,중급,2시간이상,20071214022318.0
374689,소고기 크림치즈 오븐구이 스파게티 ,소고기크림치즈오븐스파게티,truelies11,June ,8209,0.0,21.0,볶음,일상,밀가루,면/만두,김밥속 남은걸로 만든 김치 소고기 크림 치즈오븐 구이 스파게티 ,[재료] 배추김치 50g| 김밥 속에 넣었던 소고기 50g| 체다치즈 1장| 스파게티 국수 1인분| 모짜렐라 치즈 적당량 [양념] 헤비위핑크림 150g,1인분,초급,30분이내,20071215063309.0
374775,◈ 칼로리를 줄인 브라우니,브라우니,maengi0804,메기맹이,4136,3.0,43.0,굽기,간식,밀가루,빵,안녕하세요~ 오늘은 진한 초코맛의 브라우니를 만들어봤는데요 물론 맛은 조금은 다를 수 있지만 거의 흡사하면서 초콜릿과 유지류가 안들어가서 한조각당 열량은 100cal 정도 낮은 브라우니랍니다. 예민하고 섬세한 입맛으론 구분하시겠지만 전 비슷하더라고요.,,1인분,초급,60분이내,20071215094452.0
375009, 간단하게 만들어용 Artisan bread *^^* ,아티잔브레드,llkissl,김민지,3112,1.0,17.0,굽기,간식,밀가루,빵,아티잔 브레드를 만들었어요 ㅎㅎ 윤정님이 만든것처럼 모양은 이쁘게 나오지 않았지만서도 ㅎㅎ 그래도 맛은 좋으니까 만족할려구요 히히 :),,4인분,중급,90분이내,20071215153426.0
375018,치즈케이크와 브라우니를 한번에 -♬ 브라우니치즈케이크,브라우니치즈케이크,llkissl,김민지,2884,0.0,22.0,굽기,간식,밀가루,빵,달콤한 브라우니와 부드러운 치즈케이크를 한번에 맛볼수 있는 케이크예요 :),,4인분,초급,60분이내,20071215154852.0
375800,돼지고기 김치찌개,돼지고기김치찌개,truelies11,June ,24688,16.0,117.0,끓이기,일상,돼지고기,찌개,술안주로 딱인 매콤한 돼지고개 김치찌개 끓여볼게요~,[재료] 돼지고기 아무부위나 200g| 감자 중간크기 1개| 양파 1/2개| 두부 1/2모 [양념] 고추장 3큰술| 된장 1큰술| 물| 마늘 다진것 1큰술| 참기름 1작은술,3인분,초급,60분이내,20071216142455.0
376020,윤기가 좔좔 ㅡ 로스트치킨 ,로스트치킨,llkissl,김민지,5324,3.0,16.0,굽기,손님접대,닭고기,메인반찬,예전부터 해보고 싶었던 로스트치킨 > _ < 기름기가 쫙쫙쫙 빠져서 껍질을 바삭바삭 ~속은 촉촉 .. 넘 맛잇어요 *^^*,,4인분,아무나,60분이내,20071216224815.0
376773,*크리스마스*에는 달콤한 브라우니 > _ < ,브라우니,llkissl,김민지,5758,5.0,27.0,굽기,간식,밀가루,빵,크리스마스에는 뭐니뭐니해도 달콤한 브라우니가 딱이죠*^^* 거품기로 저어주기면 하면 누구든지 간단하게 만들수 있고 실패확률도 거의 제로! 어서 만들어 보아요 ㅎㅎ,,6인분이상,초급,60분이내,20071217142319.0
380654,몸에 좋은 오트밀이 가득 ㅡ 오트밀쿠키,오트밀쿠키,llkissl,김민지,5001,0.0,26.0,굽기,간식,곡류,과자,저번에 뭉이님이 보내주신 쿠키를 맛보고 그 맛에 반해서 -저도 얼른 만들어봐써요 .. > . < 오트밀이 가득 들어가서 파삭하니 ~~~식감도 무척 좋거니와 - 고소한게 넘 맛있어요 사진보고 혹시 고기(?)인줄 알고 오해하시는 분들도 많던데 ㅋㅋ 절대로 아닙니다 ㅋㅋ,,6인분이상,초급,60분이내,20071218182350.0
380671,구수한 밤풍미 가득한 밤머핀,밤머핀,okwn7,센,2104,1.0,18.0,굽기,간식,밀가루,빵,직접 만든 밤페이스트  밤조림  일본식 밤조림을 듬뿍 넣어 밤 풍미 가득 밤머핀을 만들어보았어요.,[재료] 박력분 250그램| 버터 100그램| 설탕 80그램| 밤페이스트 70그램| 장식용 밤조림 6개| 베이킹파우더 2ts| 계란 2개| 우유 120ml| 밤조림 150그램| 바닐라오일 약간,6인분이상,초급,60분이내,20071218184933.0
380676,낼 프렌치 토스트 해먹으려고 한밤중에 구운 밤 크랜베리 브리오슈 ,크랜베리브리오슈,truelies11,June ,7729,3.0,17.0,굽기,간식,밀가루,빵,계란과 버터가 많이 들어가서  넘넘 달콤하고 촉촉하고 부드럽고 바삭한 맛.... 거기에 듬뿍 들어간 밤에 크랜베리까지... 우앙... 오랜만에 먹으니 넘넘 맛있다....,,2인분,초급,2시간이상,20071218190817.0
380726,매콤달콤 찜닭,찜닭,okwn7,센,15731,9.0,98.0,찜,손님접대,닭고기,메인반찬,밖에서 사먹는것과 거의 흡사하게 맛이 나서 만족하면서 먹었어요. 달콤하면서도 끝맛이 매운맛이 돌아 개운한 맛의 찜닭입니다.,[재료] 닭 중간크기 1마리| 청양고추 5개| 건고추 5개| 양파 1개| 감자 3개| 당면 1줌| 대파 2줄기| 물 1컵 [닭 밑간] 생강즙 1큰술| 후춧가루 1/2큰술| 마늘 1/2큰술| 청주 1큰술 [양념장] 설탕 3+1/2큰술| 간장 110ml| 캬라멜소스 1/2큰술| 청양고추 5개| 후춧가루 1/2큰술| 다진마늘 1/2큰술| 참기름 1큰술,4인분,초급,60분이내,20071218204359.0
380934,바나나 프렌치 토스트 만들기,바나나프렌치토스트,truelies11,June ,24227,10.0,16.0,굽기,간식,밀가루,빵,간단한 아침식사 메뉴로 좋은 바나나 프렌치 토스트,[재료] 브리오슈슬라이스(약간 두툼하게) 2장| 바나나 1/2개| 계란 1개| 우유 1TBSP| 버터 조금| 베이컨 4장| 좋아하는 과일 [양념] 소금 1꼬집| 시럽 적당량| 슈거파우더 적당량,1인분,초급,30분이내,20071219081242.0
380960,◈ 남은밥 멋지게 처리하자! - 베이컨 그라탕,베이컨그라탕,maengi0804,메기맹이,4916,0.0,44.0,굽기,일상,가공식품류,양식,안녕하세요~ 요리하다보면 썰어놓은 양파나 피망이 남거나 사두었던 베이컨  햄이 있는경우가 생기지요. 그럴때 남은밥(찬밥)이 있으면 슈퍼에 파는 300원짜리 스프를 이용해서 맛있는 그라탕을 만들수 있답니다. 별 양념없이 깔끔하게 소금 후추 간만 했는데도 너무 맛나드라고요~,,1인분,아무나,30분이내,20071219091608.0
381157,단호박 해물치즈구이,단호박해물치즈구이,okwn7,센,17013,15.0,254.0,굽기,손님접대,해물류,디저트,달콤한 단호박과 고소한 치즈  매콤화끈한 해물과 떡이 참 조화롭고 맛있어요. 한끼 식사로도  영양만점 간식으로도  술안주로도 손색없는 단호박 해물치즈구이입니다.,[재료] 단호박 작은크기 1통| 낙지 작은크기 1마리| 모듬해물 1줌| 칵테일 새우 1줌| 양파 작은크기 1/2개| 파프리카 1/2개| 대파 1줄기| 떡볶이떡 1줌| 피자치즈 200g [양념장] 고추장 2+1/2큰술| 고춧가루 1/2큰술| 굴소스 2큰술| 다진마늘 1작은술| 후춧가루 1작은술| 설탕 1/2큰술| 요리당 1큰술,4인분,중급,60분이내,20071219122146.0
383305,타라코 앤젤 헤어 파스타 ,파스타,truelies11,June ,14380,3.0,16.0,볶음,일상,밀가루,면/만두,입맛 없는 날에 초간단으로 먹을수 있는 타라코 앤젤 헤어 파스타 ,[재료] 앤젤헤어 파스타 1인분| 명란 2개| 마늘 다진것 1큰술| 우메보시 1개 [양념] 참기름 2큰술| 시칠미 적당량,1인분,초급,30분이내,20071221122639.0
383788,◈ 지진난 빵을 눈덮힌 언덕으로 -갸토쇼콜라,갸토쇼콜라,maengi0804,메기맹이,1932,0.0,9.0,굽기,손님접대,밀가루,빵,갸토쇼콜라 레시피입니다. ,[재료] 박력분 40g| 코코아가루 50g| 다크초콜릿 100g| 버터 90g| 달걀 4개| 설탕 120개| 생크림 60g [데코레이션] 슈가파우더| 생크림,4인분,초급,60분이내,20071221222456.0
384074,it's delicious! 몽블랑 :D ,몽블랑,llkissl,김민지,4405,0.0,34.0,굽기,간식,밀가루,빵,입안에서 살살 녹는 몽블랑> . < 실제로 파는건 먹어보지 못했지만 집에서 만드는것도 넘 맛있어요ㅎㅎ,,6인분이상,초급,90분이내,20071222115827.0
384419,다가올 크리스마스엔 찹스테이크 꼬치구이와 소고기 야채볶음밥,찹스테이크,okwn7,센,15983,10.0,122.0,굽기,손님접대,소고기,양식,요즘처럼 파티가 많은 연말행사엔 요런 패밀리레스토랑 메뉴 따라잡기도 참 괜찮은것 같아요~ 생각보다 비교적 쉽고 간편해서 손님맞이용 파티용 메뉴로 정말 손색없는 메뉴 랍니다~ 물론 맛도 훌륭하구요~ 다가올 크리스마스엔 가족들과 오붓하게 찹스테이크 꼬치구이 괜찮겠죠?,[재료] 한우 우둔살 400그램| 파프리카 1개| 피망 1개| 양파 큰것 1/2개| 새송이버섯 1송이| 카놀라유 1큰술| 애호박 1/3개| 후춧가루 2 작은술| 청주 1큰술| 허브솔트 1/2큰술| A1소스 2큰술| 바베큐소스 2큰술 [볶음밥 ] 남은야채| 소고기| 소금 약간| 카놀라유 적당량| 굴소스 약간,3인분,초급,60분이내,20071222210416.0
384426,바질 페스토 만들기,바질페스토,okwn7,센,109577,5.0,294.0,기타,초스피드,채소류,양념/소스/잼,노심초사 애지중지 키웠던 바질. 직접 키운 신선한 바질로 바질 페스토를 만들어 보았어요. 향긋함이 그대로 살아있는 바질 페스토입니다.,[재료] 바질잎 50g| 통마늘 1쪽| 잣 20개| 올리브오일 180ml| 파마산치즈 25g,6인분이상,아무나,5분이내,20071222211436.0
384503,올리브&어니언 포카치아,포카치아,okwn7,센,3057,1.0,15.0,굽기,간식,밀가루,빵,포카치아는 이탈리아에서 서민들이 즐겨먹던 빵으로 주로 이탈리아 중남부지방에서 만들기 시작했다고 하네요. 담백하고 부드러운 빵에 발사믹식초와 올리브유를 찍어서 먹으면 정말 끝도없이 먹게 되는 중독적인 맛. 간단하게 올리브와 양파를 곁들여서 풍미좋은 포카치아를 만들어 보았어요. 김영모 선생님의 레시피로 만들어 보았습니다.,[재료] 강력분 500그램| 설탕 10그램| 소금 10그램| 몰트 1그램| 양파 중간것 1개| 올리브 20개 이상| 올리브유 60cc| 물 350cc| 드라이이스트 8그램 (올리브유 약간),6인분이상,중급,2시간이상,20071223003158.0
384505,아삭아삭 고소한 흑미와플,흑미와플,okwn7,센,1851,2.0,15.0,굽기,간식,밀가루,빵,구수한 흑미의 풍미가 가득한 겉은 아삭아삭 속은 부드러운 너무 맛있는 와플을 흑미가루로 만들어 보았어요.,[재료] 흑미가루 120g| 노른자 2개| 설탕 1큰술| 소금 1/3작은술| 바닐라오일 약간| 베이킹 파우더 1작은술| 우유 100ml| 버터 60g| 흰자 2개| 설탕 1큰술,2인분,초급,30분이내,20071223004850.0
384508,철판 쏘야볶음,쏘야볶음,okwn7,센,19672,11.0,173.0,볶음,술안주,가공식품류,메인반찬,호프집 맥주 안주로 인기만점인 철판 소세지 야채볶음을 올리려구요. 밥반찬으로도 맥주 안주로도 안성맞춤인 굴소스로 맛을 내는 초간단 소야볶음입니다.,[재료] 후랑크소세지(줄줄이비엔나) 10개| 파프리카 1+1/2개| 양파 큰것 1개| 당근 1/2개| 대파 1줄기| 올리브유 적당량 [양념] 굴소스 1큰술| 케찹 10큰술| 설탕 1/2큰술| 후춧가루 약간,2인분,아무나,15분이내,20071223010846.0
384706, 동글동글 메론빵 삼형제~> _ < ,메론빵,llkissl,김민지,4791,1.0,50.0,굽기,간식,밀가루,빵,퐁신퐁신 ~달콤한 메론빵이예요 :),,4인분,초급,2시간이내,20071223153859.0
384888,튜나 & 에그 샌드위치 ,튜나에그샌드위치,okwn7,센,19775,9.0,121.0,기타,간식,밀가루,빵,간단하고 푸짐하게~ 튜나&에그 샌드위치 ,[재료] 식빵 6장| 양상추 4쪽| 슬라이스햄| 토마토| 양겨자| 마요네즈| 후추 약간 | 레몬즙| 크림치즈| 계란 6개| 다진양파 1개분,2인분,초급,30분이내,20071223194717.0
385575,부드럽고 달콤한 커스타드 푸딩 만들기,푸딩,okwn7,센,121583,19.0,671.0,기타,간식,달걀/유제품,디저트,부들부들 부드럽고 달콤한 커스터드 푸딩. 차게 해서 먹으면 정말 고소하고 부드럽고 달콤한게 아주 맛있어요. 카라멜소스와 함께 요렇게 먹으면 달콤함이 두배. 아주 소프트하고 달콤하게 때문에 남녀노소 누구나 좋아할것 같아요.,[푸딩액 재료] 우유 300g| 설탕 60g| 계란 3개| 바닐라오일 2방울 [카라멜소스] 설탕 60g| 물 4큰술,6인분이상,중급,2시간이상,20071224153413.0
385717,15분만에 뚝딱! 오븐에 굽는 웨지감자.,오븐웨지감자,okwn7,센,61397,8.0,296.0,굽기,일상,채소류,디저트,마늘의 풍미가 어우러진 고소한 웨지감자구이입니다.,[재료] 감자 중간것 4개 [양념] 올리브유(or카놀라유) 2큰술| 소금 1작은술| 후춧가루 약간| 파슬리가루 약간| 다진마늘 1/2큰술 [소스] 사워크림| 케첩| 살사소스| 치즈소스,4인분,초급,15분이내,20071224174458.0
386937,바삭바삭 - 쌀크로칸트쿠키 *^^* ,쿠키,llkissl,김민지,2619,1.0,9.0,굽기,간식,밀가루,과자,저번에 삼순이가 보내준 쌀크로칸트의 맛을 잊지못해 저도 만들어 보았어요 ^_^ 원래는 황치즈가루를 넣어서 만들어야 하는디  집에 없는 관계로 ^^ 코코아가루를 넣었답니다 히히,,6인분이상,초급,60분이내,20071226141156.0
387111,차와 함께 즐기는 대추야자 스콘,대추스콘,okwn7,센,3587,0.0,11.0,굽기,간식,밀가루,빵,대추야자의 달콤함이 어우러져 담백하고도 아주 맛있는 스콘이랍니다.,[재료] 강력분 150그램| 박력분 150그램| 설탕 20그램| 소금 2그램| 베이킹 파우더 5그램| 버터 45그램| 건포도 6그램| 달갈 1개| 우유 100ml| 대추야자 씨뺀것 70그램| 계란물 약간,6인분이상,중급,60분이내,20071226161554.0
387126,구수하고 매콤한 사천짜장 떡볶이,사천짜장떡볶이,okwn7,센,26440,15.0,332.0,볶음,간식,쌀,밥/죽/떡,요건 짜장이 주 재료지만 고추장도 넣어 많이 텁텁하지 않고 매콤하면서도 달콤한 느끼하지 않은 짜장 떡볶이랍니다. 굳이 좀 럭셔리 하게 이름을 붙이자면 사천 짜장 떡볶이 정도 되겠네요.,[재료] 떡볶이떡 400~500그램 정도| 양파 1/2개| 양배추 큰것 1/8통| 대파 2줄기| 어묵 2장| 쫄면 200그램 정도| 물 또는 육수 1+1/2컵 [양념] 다*다(소고기맛 조미료) 1/2큰술| 춘장 2큰술| 고추장 1큰술| 설탕 2큰술| 다진마늘 1큰술,3인분,초급,30분이내,20071226162543.0
387169,미니 고구마,미니고구마,okwn7,센,3283,2.0,15.0,찜,간식,채소류,디저트,맛난 고구마로 뭘 해먹을까 궁리 하다가 많이들 해드시는 미니 고구마를 해봤어요~,[재료] 고구마 중간것 5개| 생크림 6~7큰술| 적고구마가루 5큰술| 블럭모짜렐라치즈 100그램 [양념] 설탕 2큰술,4인분,초급,60분이내,20071226163806.0
387415,홈메이드 바나나 찹쌀떡,바나나찹쌀떡,okwn7,센,7330,7.0,105.0,찜,간식,쌀,밥/죽/떡,찹쌀떡 안에 바나나를 넣고 만들었는데 그맛은 정말 기대이상이었어요. 찹쌀떡이 두배로 맛있어 지는거 있죠? 남녀노소 어른  아이 할것없이 누구나 좋아할만한 그런 맛이예요. 만드는건 생각보다 간편한데 맛은 더블업~ 바나나 찹쌀떡 같이 만들어 봐요.,[재료] 찹쌀가루(습식) 400그램| 찬물 220그램| 바나나 중간것 2개| 옥수수전분 적당량 [양념] 팥앙금 500그램,6인분이상,초급,30분이내,20071226224338.0
387766,보글보글 간단하게 카레어묵전골♥,카레어묵전골,skfo0701,박꽃나래,5959,5.0,20.0,끓이기,손님접대,가공식품류,국/탕,전골하면 다들 어려워 하시잖아요~ 근데 어묵이랑 시판장국을 이용해서 간단하고 맛있게 만드실수 있어요~ 아이들도 정말 좋아하는 카레어묵전골~ 함께 만들어 보아용~,[재료] 어묵 1팩| 팽이버섯 2봉지| 쑥갓 약간| 당근 1/2개| 표고버섯 2개| 대파 1쪽 [카레육수] 물 3컵| 백세카레가루 2T| 가쓰오부시장국 4T,3인분,초급,30분이내,20071227105631.0
387780,촉촉한 모카머핀,모카머핀,skfo0701,박꽃나래,7357,4.0,155.0,굽기,간식,밀가루,빵,커피향 가득하고 촉촉한 모카머핀을 함께 만들어 봅시다.,[재료] 박력분 200g| 버터 160g| 설탕 160g| 베이킹파우더 1T| 계란 3개| 우유 2T| 초코칩 40g [양념] 커피액기스 2T| 소금 약간,4인분,중급,60분이내,20071227111715.0
387790,버섯포카치아♥,버섯포카치아,skfo0701,박꽃나래,2857,1.0,10.0,굽기,간식,밀가루,빵,이탈리아 레스토랑에 가시면 꼭 나오는 빵!! 포카치아♥ 제가 너무 좋아하는 빵이랍니다~ 오늘은 몸에 좋은 버섯은 듬뿍 올려서 담백하게 구워보았어요~ 여기에 치즈도 가득 올려 함께 구워도 너무 맛있답니다~,[재료] 박력분 250g| 물 160g| 말린표고버섯 5개| 이스트 5g [양념] 설탕 1T| 소금 1T| 간장 1T| 참기름 1T | 올리브오일 약간,4인분,중급,2시간이상,20071227113016.0
387802,매콤 매콤한~ 빨간어묵♥,어묵,skfo0701,박꽃나래,11345,11.0,60.0,끓이기,술안주,가공식품류,메인반찬,예전에 한창 유행했던 빨간어묵~ 근데 어느새 조용히 사라지더라구요~ 옛추억을 맛보기 위해서 준비했어요~ 매콤한~ 빨간어묵!! 간식으로도 좋고 술안주로도 좋은 빨간어묵 만들어 보아용♥,[재료] 어묵 1봉지| 양배추 1/4통 [육수재료] 무 1/3개| 파 1뿌리| 양파 1/2개| 건새우 약간| 다시마 약간| 청양고추 2개 [양념] 고춧가루 3T| 고추장 2T| 간장 2T| 설탕 1T| 물엿 1T| 다진마늘 1T| 청주 1T| 후추가루 약간,3인분,초급,30분이내,20071227114641.0
387811,홍함크림소스♥,크림소스,skfo0701,박꽃나래,4116,2.0,20.0,끓이기,손님접대,해물류,양념/소스/잼,홍합에 부드러운 크림소스 옷을 입혔어요~ 홍합이 제철인 요즘에 색다르게 즐겨보는 홍합요리 초대요리로도 손색없는 홍합크림소스♥,[재료] 홍합| 베이컨 2줄| 양파 1/2개| 파프리카 1/4개| 파슬리 [양념] 생크림 2컵| 치즈 취향것,2인분,초급,30분이내,20071227115656.0
388157,카놀라유로 만든 파니니,파니니,okwn7,센,2855,1.0,39.0,굽기,간식,밀가루,빵,그냥 먹어도 좋고 샌드위치를 만들어도 좋은 파니니. 원레시피엔 올리브유가 듬뿍 들어가지만 칼로리도 조금 낮춰보고 맛도 비교하고 싶어서 카놀라유 라이트로 만들어 봤습니다.,[재료] 강력분 500그램| 몰트 1그램| 인스턴트 드라이이스트 8그램| 카놀라유 라이트 60CC| 미지근한 물 330cc| 소금 6그램| 설탕 10그램,6인분이상,중급,2시간이상,20071227161931.0
388168,세가지맛 파니니 모듬 샌드위치,파니니,okwn7,센,7650,4.0,23.0,굽기,일상,밀가루,빵,담백한 파니니안에 세가지맛의 속재료를 넣은 파니니 모듬 샌드위치입니다. 칼로리가 낮은 파니니에 싱싱한 채소와 담백한 고기와 달걀을 넣어 영양 가득한 다이어트 브런치입니다.,[재료] 파니니 5개| 불고기 양념한것 500그램| 닭가슴살 3쪽| 양상추 또는 로메인 10장| 토마토 중간것 2개| 양파 중간것 1개| 치즈 5장| 달걀 3개| 슬라이스햄 10장| 피클다진것 [양념] 머스터드소스| 마요네즈| 버터| 올리브유| 시즈닝솔트,5인분,초급,30분이내,20071227162545.0
388473,오도독 - 시나몬비스코티,시나몬비스코티,llkissl,김민지,1709,1.0,6.0,굽기,간식,밀가루,과자,계피향이 솔솔 나는 비스코티예요 :-),,4인분,초급,60분이내,20071227204000.0
388477, 너무 맛있어 ㅡ 버터케이크 ,버터케이크,llkissl,김민지,4450,5.0,11.0,굽기,간식,밀가루,빵,이름만 들으면 자칫 느끼하다고 생각할수도 있는 케이크지만 전혀 느끼하지 않아요 으하하 . 달콤한 버터케이크 어서 만들어 보아요 ~,,6인분이상,초급,60분이내,20071227204637.0
389261,홈메이드 리코타치즈 만들기,리코타치즈,okwn7,센,27176,7.0,589.0,끓이기,간식,달걀/유제품,양념/소스/잼,풍미가 상큼하며 젖당의 감미로운 맛이 나고 벌꿀이나 잼을 올려 디저트로 먹거나 라비올리 등의 속으로도 이용하는 리코타 치즈는 프랑스 코르시카섬에서 만드는 브로츄와 비슷하나  이탈리아의 리코타는 요리나 과자의 재료로서 쓰는 일이 더 흔하고  가벼운 레드와인  커피나 홍차와 함께 들기도 한다고 나오네요. 집에서 생크림과 레몬즙  우유  소금만 있으면 비교적 간단하게 연성치즈를 만들수 있어요.,[재료] 우유 1000ml| 생크림 500ml [양념] 레몬즙(1개분) 6큰술| 소금 1/2~1스푼,6인분이상,아무나,2시간이상,20071228170614.0
389525, Almond Cheesecake :),아몬드치즈케잌,llkissl,김민지,1794,0.0,11.0,굽기,간식,콩/견과류,빵,아몬드가루를 듬뿍 넣어 바닥을 만든~ 달콤한 아몬드 치즈케이크예요 ^ ^ 치즈케이크를 넘넘 좋아하시는 울엄마를 위해 얼른 맹글었지요 > _ < 히히,,6인분이상,초급,60분이내,20071228223151.0
390307,부드럽고 상큼한 레몬 생크림 케이크,레몬생크림케이크,okwn7,센,2958,0.0,21.0,굽기,간식,밀가루,빵,생크림을 듬뿍 넣고 만드는 케이크인데요. 촉촉하고 부드러운 맛이 일품이예요. 레몬필과 파피씨드  유자청을 넣고 만들어서 상큼하고 향긋  포피씨드도 톡톡 터지는 맛난 케이크예요.,[재료] 생크림 130그램| 박력분 100그램| 설탕 130그램| 베이킹파우더 1ts| 계란 1개 [양념] 포피씨드 20그램| 레몬필 50그램| 유자청 30그램,6인분이상,초급,60분이내,20071229225904.0
390524,쫀득하고 달콤한 ~ 더블 초콜릿 케이크 *^^* ,초콜릿케이크,llkissl,김민지,5960,3.0,68.0,굽기,간식,밀가루,빵,쫀득하고 달콤한 더블 초콜릿 케이크:3 요새 느끼한거랑 달콤한거랑 너무 좋아져서 큰일이예요. 이러다가 굴러다닐지도..흐흐,,4인분,초급,60분이내,20071230103038.0
390529,깔끔해요 통밀쿠키,통밀쿠키,llkissl,김민지,6740,5.0,67.0,굽기,간식,곡류,과자,통밀쿠키입니다. 레시피 정말 착해요ㅎㅎ 버터도 안들어가고   박력분도 안들어갑니다.,,4인분,초급,60분이내,20071230103900.0
390949,입안에서 샤르르 녹는 향긋한 시나몬 큐브,시나몬큐브,okwn7,센,2440,3.0,51.0,굽기,간식,밀가루,빵,시나몬가루를 좀 더 추가해 모양도 이쁘고 샤르르 녹는 향긋한 시나몬큐브를 만들어 보았어요. 슈가볼보다 훨씬더 맛있고 세련된 느낌이라고 할까요?,[재료] 박력분 100그람| 버터 70그람| 바닐라오일 1~2방울| 아몬드파우더 20그람| 소금 1/4ts| 슈가파우더 30그람| 베이킹파우더 1/4ts| 시나몬파우더 1/2ts [양념] 장식용 슈가파우더 1컵,6인분이상,중급,2시간이상,20071231010046.0
390973,초코 바나나머핀,초코바나나머핀,okwn7,센,3091,1.0,40.0,굽기,간식,밀가루,빵,초코와 바나나는 환상궁합이라고 했었지요. 맛의 조화가 너무 좋아서 베이킹 할때 빠지지 않는 두 재료로 제일 무난하고 맛있는 머핀을 만들어 보았어요. 포실포실 달콤하고 부드럽고 바나나와 초콜렛의 풍미가 가득한 정말 달콤하고 맛난 머핀이 만들어 지더라구요. 중간 중간 바나나 과육도 있구요. 초코칩이 들어 있어서 더욱 달콤해요.,[재료] 바나나 으깬것 3개 | 토핑용 바나나 2개| 버터 200그램| 설탕 200그램| 박력분 370그램| 코코아가루 30그램| 초코칩 50그램| 베이킹 파우더 1ts| 베이킹소다 1ts| 생크림 200ml| 바닐라오일 약간,6인분이상,중급,60분이내,20071231012704.0
391763,사워크림을 듬뿍 넣은 애호박 사워크림 케이크.,애호박사워크림케이크,okwn7,센,2039,0.0,11.0,굽기,간식,밀가루,빵,바닥엔 바삭바삭 고소하고 달콤한 스트로이젤이  속엔 달큰하고 구수한 애호박이. 촉촉하고 부드럽고 새콤하고 바삭하고 고소하고 여러가지맛을 동시에 느낄수 있는 맛있는 케이크랍니다.,[재료] 박력분 285그램| 버터 88그램| 계란 3개| 설탕 180그램| 애호박 160그램| 우유 3~5큰술| 사워크림 250그램| 베이킹 파우더 4그램| 소금 4그램| 바닐라오일 약간| [스트로이젤]| 박력 80그램| 버터 40그램| 설탕 40그램,6인분이상,중급,60분이내,20071231183144.0
393505,브라우니,브라우니,okwn7,센,4703,3.0,46.0,굽기,간식,밀가루,빵,진하고 달콤한 쫀득쫀득 브라우니입니다. ,[재료] 다크커버춰 200g| 버터 100g| 박력분 100g| 코코아 20g| 흑설탕 100g| 계란 3개| 인스턴트 커피 1Ts| 깔루아 3Ts| 견과류 적당히,6인분이상,중급,90분이내,20080102165636.0
393589,바삭바삭 초코뮈슬리쿠키~*^^* ,초코뮈슬리쿠키,llkissl,김민지,2371,1.0,4.0,굽기,간식,밀가루,과자,바삭바삭 소리까지 맛있는 달콤한 쿠키예요 *^^* 초코칩의 달콤함과 뮈슬리의 고소함이 너무나 잘어울리는 쿠키입니다.  ,,6인분이상,초급,60분이내,20080102180952.0
394337,◈ 매콤달콤 닭강정,닭강정,maengi0804,메기맹이,9348,5.0,69.0,튀김,간식,닭고기,메인반찬,안녕하세요~ 오늘은 닭가슴살을 살짝튀겨서 양념에 졸인 닭강정입니다. 닭강정의 참맛은 적당히 졸여야하는 것이지만 저는 살짝 졸여서 바삭한 식감도 살렸더니 다들 좋아하더군요.,,2인분,초급,60분이내,20080103105326.0
395162,쌀로 만든 피낭시에,피낭시에,okwn7,센,2880,2.0,21.0,굽기,간식,쌀,빵,만드는 방법은 간단 하지만 그 수고에 비해 리치한 맛을 내는 계란 흰자만 들어가 깔끔하고 아몬드 가루가 들어가 고소한 피낭시에. 쌀가루로 더 담백하고 맛있게 만들어 보았어요.,[재료] 백미가루 75g| 아몬드가루 72g| 슈가파우더 180g| 베이킹 파우더 2g| 바닐라가루 2g| 계란 흰자 200g| 트리몰린(물엿) 18g| 버터 110g,6인분이상,중급,90분이내,20080103233258.0
